,Original,Imputed
Decision Tree,0.6330998366059128,0.6260756909930566
Logistic,0.7927435326373742,0.7862003504718734
Logistic (SMOTE),0.8672223855162177,0.8672223855162177
Logistic (Elastic),0.7932023263594905,0.7862664479345851
Ada Boost,0.8173400617387456,0.8112057942908558
