,Original,Imputed
Decision Tree,0.626761677839208,0.6192643369193066
Logistic,0.7927435326373742,0.7862003504718734
Logistic (SMOTE),0.8672126251403522,0.8672126251403522
Logistic (Elastic),0.792768416948112,0.7862658165018047
Ada Boost,0.8173400617387456,0.8112057942908558
